epoch,train_loss,val_loss,train_acc,val_acc,lr
1,259337.35768209395,1042.1171990889536,0.5347,0.7561,0.0001
2,480.1699083967282,-242.26584065111376,0.83558,0.8749,0.0001
