epoch,train_loss,val_loss,train_acc,val_acc,lr
1,260945.46372232656,2009.1823436881923,0.63294,0.8526,0.0001
2,1113.6808975883152,418.7224756554712,0.90328,0.925,0.0001
