epoch,train_loss,val_loss,train_acc,val_acc,lr
1,165616.0409425311,-96.19572942468184,0.25816,0.7082,0.001
2,-322.38634597797835,-951.0275021323674,0.6668,0.8749,0.001
3,-1151.1394714199369,-1532.5422888647151,0.81906,0.8853,0.001
4,-1649.9516323704245,-1868.6978373467168,0.86562,0.9058,0.001
5,-1918.9751232566737,-2259.030619560918,0.88566,0.9233,0.001
6,-2035.5795319696217,-2400.1250061807755,0.89378,0.9262,0.001
7,-2243.3566429352823,-2548.0399896162976,0.9003,0.9253,0.001
8,-2381.0686384820574,-2560.4754592316062,0.91104,0.9049,0.001
9,-2481.7078598295634,-2760.2422740308543,0.91404,0.9302,0.001
