epoch,train_loss,val_loss,train_acc,val_acc,lr
1,258036.16371072832,399.9529328165175,0.3196,0.5035,0.0001
2,-72.95656495935776,-632.6247995111007,0.59436,0.6803,0.0001
