epoch,train_loss,val_loss,train_acc,val_acc,lr
1,275587.088727634,353.3854122886175,0.19732,0.3953,0.0001
2,235.86996870211627,-600.99141374419,0.40578,0.5741,0.0001
3,-572.466044677188,-1262.5923145149327,0.54928,0.7067,0.0001
4,-1115.7039161155292,-1700.8134363874603,0.65042,0.8033,0.0001
5,-1506.6206752455143,-2033.6006601068038,0.71606,0.8498,0.0001
6,-1771.1457375919117,-2293.7165218304986,0.75682,0.878,0.0001
7,-1997.537355701027,-2498.173040076147,0.788,0.892,0.0001
8,-2171.768054854839,-2638.817212841179,0.81306,0.9003,0.0001
