epoch,train_loss,val_loss,train_acc,val_acc,lr
1,195425.72856970393,-1754.4552650934534,0.50426,0.7286,0.001
2,-2092.0755515330284,-2280.3768078767803,0.80082,0.8165,0.001
3,-2622.373646923953,-2821.773598200158,0.87812,0.8758,0.001
