epoch,train_loss,val_loss,train_acc,val_acc,lr
1,70229866.26086956,73770717.3670886,0.01122,0.0117,0.001
2,70219469.22762148,73770251.64556962,0.01172,0.0117,0.001
3,70300709.44245525,73770926.58227848,0.01178,0.0117,0.001
4,70225513.11508952,73771098.93670887,0.01126,0.0116,0.001
5,70336379.64194374,73770696.40506329,0.01144,0.0117,0.001
6,70274879.67263427,73770332.75949366,0.0112,0.0117,0.001
7,70187416.75703324,73770347.44303797,0.01194,0.0117,0.001
8,70235550.39386189,73770721.21518987,0.0117,0.0116,0.001
9,70249401.38107418,73770805.67088607,0.01124,0.0117,0.001
