epoch,train_loss,train_gen_loss,train_cls_loss,val_loss,val_gen_loss,val_cls_loss,train_acc,val_acc,lr
1,145.6101998541971,119.11850132997078,52.98338774464015,3.568956200080582,1.3975645356540438,4.342783289619639,0.78338,0.8697,0.001
2,2.1584608310933615,0.8101147975763092,2.6966920637947216,7.9346519497376455,2.7720939449117155,10.325116013990172,0.88508,0.809,0.001
3,1.8957432898718987,0.6615007659206,2.468485049731896,7.393727055078821,2.0113621935059753,10.764729801612564,0.89704,0.7158,0.001
