epoch,train_loss,train_gen_loss,train_cls_loss,val_loss,val_gen_loss,val_cls_loss,train_acc,val_acc,lr
1,160.8075560392321,124.42022750398996,36.3873281826258,2.66831786270383,0.8957609805879714,1.7725568715530107,0.90134,0.926,0.001
2,1.553307405213261,0.49285028021201455,1.0604571299509236,1.1443515414301353,0.2936062578913532,0.8507452832322709,0.95698,0.9676,0.001
