epoch,train_loss,train_gen_loss,train_cls_loss,val_loss,val_gen_loss,val_cls_loss,train_acc,val_acc,lr
1,212.5424667185225,126.39574789086267,172.29343677908562,10.385467456865914,5.221809399278858,10.327316045761108,0.7893,0.8613,0.001
2,8.890203428390386,4.975305508469682,7.829795832829097,10.009793203088302,4.992153167724609,10.035280119014692,0.8919,0.8609,0.001
3,8.51179104022053,4.837283958864334,7.349014168810052,11.327040442937538,5.007859145538716,12.638362646102905,0.90228,0.8226,0.001
4,8.156626914773145,4.655919310381956,7.001415259240534,10.717447570607632,4.570198825643033,12.294497677042514,0.91186,0.8774,0.001
