epoch,train_loss,train_gen_loss,train_cls_loss,val_loss,val_gen_loss,val_cls_loss,train_acc,val_acc,lr
1,174.1767575405443,133.07998754179386,164.38709738919192,7.315174084675463,3.911785152894032,13.613555779939965,0.87218,0.9078,0.001
2,6.101712346991615,3.5878400583096477,10.055489149916431,6.292306565031221,3.483665550811381,11.234563996520224,0.94022,0.9374,0.001
3,5.528078846309496,3.043651317391554,9.93771014646496,8.396622663811792,3.2145708603195,20.72820723207691,0.95154,0.9302,0.001
4,5.294055411272951,2.73147677277665,10.250314511747002,5.55326768114597,2.3106846069987816,12.970332349402995,0.96078,0.9645,0.001
5,4.703484968761044,2.347883460161936,9.422406063269815,6.180703784846052,2.2601272441163847,15.68230609048771,0.96748,0.9585,0.001
6,4.646329571828818,2.228173750745671,9.672623320550505,6.859410043004193,2.1796407805213445,18.719077013715914,0.97,0.9553,0.001
