epoch,train_loss,train_gen_loss,train_cls_loss,val_loss,val_gen_loss,val_cls_loss,train_acc,val_acc,lr
1,238.80884146385486,138.55295700551298,200.51178888286776,18.3946792747401,12.118613363821295,12.552131853526152,0.89786,0.9541,0.001
2,17.54384089369908,10.139737863369914,14.808206103390196,16.216169707382782,11.37030980556826,9.691719818624492,0.95644,0.9543,0.001
