epoch,train_loss,train_gen_loss,train_cls_loss,val_loss,val_gen_loss,val_cls_loss,train_acc,val_acc,lr
1,2459.6446847354664,301.399423291921,539.5613213073262,93.66570547562611,14.423031191282634,19.810668482433393,0.86354,0.9185,0.001
2,65.04327878927636,14.228018624093526,12.703815026051553,58.656000692633135,14.042178540290157,11.153455564492866,0.93824,0.9413,0.001
3,60.38518225140584,13.834746216873988,11.637609028336032,48.323155620430086,13.611526332324065,8.677907352206073,0.9482,0.956,0.001
4,58.28737205495615,13.479206719361912,11.202041284812381,187.26185723799694,25.29064411453054,40.49280269840096,0.955,0.9277,0.001
