epoch,train_loss,train_gen_loss,train_cls_loss,val_loss,val_gen_loss,val_cls_loss,train_acc,val_acc,lr
1,214.90915914081856,142.70806436465526,288.80437908575055,17.646654684332354,9.999758998049966,30.587583046925218,0.87452,0.9066,0.001
2,14.91537561684923,9.202551007575696,22.851298575511063,16.59027110474019,8.648133060600184,31.768552475337742,0.94294,0.9458,0.001
3,13.151072831409971,7.654500918620077,21.986287767472476,14.889233202873905,6.944244692597208,31.779954451548903,0.95526,0.9636,0.001
4,12.507350188691902,6.6622450223664185,23.380420627648874,14.362553771538071,5.511378107191641,35.40470248234423,0.96236,0.9619,0.001
5,11.40040666916791,5.789999474040078,22.44162898670996,15.395747939242593,6.023516298849372,37.48892691165586,0.9701,0.9607,0.001
